{
  "hash": "c18070f1",
  "configHash": "87b8d00a",
  "lockfileHash": "bf5565f3",
  "browserHash": "8cfe8dd4",
  "optimized": {
    "@angular/common": {
      "src": "../../../../../../node_modules/@angular/common/fesm2022/common.mjs",
      "file": "@angular_common.js",
      "fileHash": "a46fd727",
      "needsInterop": false
    },
    "@angular/core": {
      "src": "../../../../../../node_modules/@angular/core/fesm2022/core.mjs",
      "file": "@angular_core.js",
      "fileHash": "e5e1d13f",
      "needsInterop": false
    },
    "@angular/platform-browser": {
      "src": "../../../../../../node_modules/@angular/platform-browser/fesm2022/platform-browser.mjs",
      "file": "@angular_platform-browser.js",
      "fileHash": "b7cfd4e2",
      "needsInterop": false
    },
    "@angular/platform-browser/animations/async": {
      "src": "../../../../../../node_modules/@angular/platform-browser/fesm2022/animations/async.mjs",
      "file": "@angular_platform-browser_animations_async.js",
      "fileHash": "3dc912ca",
      "needsInterop": false
    },
    "@angular/router": {
      "src": "../../../../../../node_modules/@angular/router/fesm2022/router.mjs",
      "file": "@angular_router.js",
      "fileHash": "a64fce76",
      "needsInterop": false
    },
    "@splinetool/runtime": {
      "src": "../../../../../../node_modules/@splinetool/runtime/build/runtime.js",
      "file": "@splinetool_runtime.js",
      "fileHash": "226f58c0",
      "needsInterop": false
    },
    "gsap": {
      "src": "../../../../../../node_modules/gsap/index.js",
      "file": "gsap.js",
      "fileHash": "3c50d838",
      "needsInterop": false
    },
    "gsap/ScrollTrigger": {
      "src": "../../../../../../node_modules/gsap/ScrollTrigger.js",
      "file": "gsap_ScrollTrigger.js",
      "fileHash": "737f9354",
      "needsInterop": false
    },
    "three": {
      "src": "../../../../../../node_modules/three/build/three.module.js",
      "file": "three.js",
      "fileHash": "634366bb",
      "needsInterop": false
    },
    "three-stdlib": {
      "src": "../../../../../../node_modules/three-stdlib/index.js",
      "file": "three-stdlib.js",
      "fileHash": "0e0ad8a3",
      "needsInterop": false
    }
  },
  "chunks": {
    "opentype-Z4GU2QS4": {
      "file": "opentype-Z4GU2QS4.js"
    },
    "ui-NEXXHFRD": {
      "file": "ui-NEXXHFRD.js"
    },
    "gaussian-splat-compression-UKWYTMPF": {
      "file": "gaussian-splat-compression-UKWYTMPF.js"
    },
    "browser-G5PJWCDW": {
      "file": "browser-G5PJWCDW.js"
    },
    "navmesh-WG7HSP54": {
      "file": "navmesh-WG7HSP54.js"
    },
    "physics-AUNJXQVQ": {
      "file": "physics-AUNJXQVQ.js"
    },
    "process-3PP2ZKFY": {
      "file": "process-3PP2ZKFY.js"
    },
    "boolean-HMN4HUJ2": {
      "file": "boolean-HMN4HUJ2.js"
    },
    "howler-ZWZRO4HD": {
      "file": "howler-ZWZRO4HD.js"
    },
    "chunk-IO3L7LX4": {
      "file": "chunk-IO3L7LX4.js"
    },
    "chunk-3MB4AV2W": {
      "file": "chunk-3MB4AV2W.js"
    },
    "chunk-LZ4UAGH4": {
      "file": "chunk-LZ4UAGH4.js"
    },
    "chunk-WYIK2OIY": {
      "file": "chunk-WYIK2OIY.js"
    },
    "chunk-O65LMZJ7": {
      "file": "chunk-O65LMZJ7.js"
    }
  }
}